"QR Code","Scope Item","Google Drive Link","Bestandsnaam","Status"
"T1P1051S9393","381-ALG-00","https://drive.google.com/file/d/1pQm7wAOQBTPepBBkulTN3BsDQklsMpDz/view","_381-ALG-00_RFC.pdf","OK"
"T1P1051S9132","381-INST-01","https://drive.google.com/file/d/1G7fTsCl-_tF7UaI4si1gVOqOXiq0Q3Oq/view","_381-INST-01_RFC.pdf","OK"
"T1P1051S9135","381-INST-02","https://drive.google.com/file/d/1tMO6T7BEzP9_OucZhyV2SJt_AHcuiqJg/view","_381-INST-02_RFC.pdf","OK"
"T1P1051S10665","381-INST-03","https://drive.google.com/file/d/1Neso6ep6cehPX0XMl-Hd_B6MCW1abPgF/view","_381-INST-03_RFC.pdf","OK"
"T1P1051S9155","38T0150-01","https://drive.google.com/file/d/1Ihg9THDIfiibCEa_D87KrvHFKjBC4HFj/view","_38T0150-01_RFC.pdf","OK"
"T1P1052S9212","40FT051","https://drive.google.com/file/d/1Uw_S8WmDSBato9egmeeLgEt9y5qwLsyJ/view","_40FT051_RFC.pdf","OK"
"T1P1052S9173","43-ALG-01","https://drive.google.com/file/d/1oNl6KB4-UO0GDvyDF5YSeH6nP-oGZhws/view","_43-ALG-01_RFC.pdf","OK"
"T1P1052S9178","43-ALG-02","https://drive.google.com/file/d/1EaoeO6qPd3oGPN190YjfeE5P9u7j1ZPZ/view","_43-ALG-02_RFC.pdf","OK"
"T1P1052S10653","43-INST-01","https://drive.google.com/file/d/1WgCOcMh6ql1A5YyuRqQcaZAgmukTmBxC/view","_43-INST-01_RFC.pdf","OK"
"T1P1052S9218","43-INST-07","https://drive.google.com/file/d/1e6FTNXbm6i0XaePfskleapaHvzq_fPeJ/view","_43-INST-07_RFC.pdf","OK"
"T1P1052S9185","43FCV311","https://drive.google.com/file/d/1boKUL2UJGR8AYyZRQq1FX-UK2JZHgon_/view","_43FCV311_RFC.pdf","OK"
"T1P1052S9186","43FCV312","https://drive.google.com/file/d/15hTCa4RLxUFaeVf07SQpMDOt8QQ3j38D/view","_43FCV312_RFC.pdf","OK"
"T1P1052S9187","43FCV313","https://drive.google.com/file/d/1_fI_1dlvj5A_WI9BMuct7C-MibclONN_/view","_43FCV313_RFC.pdf","OK"
"T1P1052S9188","43FCV314","https://drive.google.com/file/d/1kHFpnKQHGi6fW98WdEMc6Yol7OobfT-h/view","_43FCV314_RFC.pdf","OK"
"T1P1052S9180","43FCV322","https://drive.google.com/file/d/1wmZnT2FigeHrmXG8cehhdeOrVKQ10yfK/view","_43FCV322_RFC.pdf","OK"
"T1P1052S9181","43FCV323","https://drive.google.com/file/d/1vhLG8PbaD_7AW6ECSM-BWAMI-wBwQYfW/view","_43FCV323_RFC.pdf","OK"
"T1P1052S9182","43FCV324","https://drive.google.com/file/d/14GVo-8YBd8JV-_Fnp_rfIP2V4T2l_YYU/view","_43FCV324_RFC.pdf","OK"
"T1P1052S9183","43FCV325","https://drive.google.com/file/d/1Ti6R18sgBXgnQx43uDkxLO1mioYnVr9Z/view","_43FCV325_RFC.pdf","OK"
"T1P1052S9204","43FT301","https://drive.google.com/file/d/18RnjB0nRKvCGMK7knn_BVOtLPz_wZMl6/view","_43FT301_RFC.pdf","OK"
"T1P1052S9197","43FT302","https://drive.google.com/file/d/1cJgwnckG07mQXQAYOIMJ31yHtOKhp2i3/view","_43FT302_RFC.pdf","OK"
"T1P1052S9200","43FT311","https://drive.google.com/file/d/1772iZSzTzW4gMPKCVjhzZmQvB7q7voEe/view","_43FT311_RFC.pdf","OK"
"T1P1052S9201","43FT312","https://drive.google.com/file/d/1pb_7ihwtc8EkYUuI1rycJHD7-yViEKhS/view","_43FT312_RFC.pdf","OK"
"T1P1052S9202","43FT313","https://drive.google.com/file/d/1IBJIQtwVToX3lp_ccPdC8bkyAKe1MAdO/view","_43FT313_RFC.pdf","OK"
"T1P1052S9203","43FT314","https://drive.google.com/file/d/1DTqYYk79lnsJ_U_NkzDXv-EsWBJbbGWM/view","_43FT314_RFC.pdf","OK"
"T1P1052S9205","43FT325","https://drive.google.com/file/d/1zNR64T2HuyUyRPqeWMsBdbE-RfGiMQXN/view","_43FT325_RFC.pdf","OK"
"T1P1052S9206","43FT350","https://drive.google.com/file/d/10z3zT3xre63GDV6sI9a78nAdHnej1w_1/view","_43FT350_RFC.pdf","OK"
"T1P1052S9211","43FT351","https://drive.google.com/file/d/1-sC_sPLTzD70YlO0A2plREq8d9VZIbOX/view","_43FT351_RFC.pdf","OK"
"T1P1052S9355","43FT357","https://drive.google.com/file/d/1yQQEa7VAzycrDnUB7diY2ZBo9TYQANaP/view","_43FT357_RFC.pdf","OK"
"T1P1052S9357","43FT374","https://drive.google.com/file/d/1GFHx_XIBF4AhVujVfA7LH8qgXE1_YgX-/view","_43FT374_RFC.pdf","OK"
"T1P1052S9358","43FT379","https://drive.google.com/file/d/1eUL-4wdctJK7tyvM7N382d6e_3TIQz6t/view","_43FT379_RFC.pdf","OK"
"T1P1052S9207","43FT381","https://drive.google.com/file/d/1bGqfIz8IhhwaNKNXUxu7AG_JuC4bhQYg/view","_43FT381_RFC.pdf","OK"
"T1P1052S9208","43FT382","https://drive.google.com/file/d/1LCkPTo9e2088DMZ3X2sWDAKSVzzw0fFG/view","_43FT382_RFC.pdf","OK"
"T1P1052S9209","43FT383","https://drive.google.com/file/d/1aL1-2EfDvJ9FRM-07VpYdm9yQ1IMuimT/view","_43FT383_RFC.pdf","OK"
"T1P1052S9210","43FT384","https://drive.google.com/file/d/1Nwx01MUxwPUh7HtNJQxjL67qirHhhf10/view","_43FT384_RFC.pdf","OK"
"T1P1052S9184","43HCV351","https://drive.google.com/file/d/1BDPGoQsju49vS8NXT-8ow5vcib7aus6c/view","_43HCV351_RFC.pdf","OK"
"T1P1052S9219","43HS301","https://drive.google.com/file/d/1Kf8J6jnpwS9FaKChqbfUxZCvtjOg5VNW/view","_43HS301_RFC.pdf","OK"
"T1P1052S9221","43HS302","https://drive.google.com/file/d/1QJ42aC1Z20obOgcOjefAA-CgI49dkLuR/view","_43HS302_RFC.pdf","OK"
"T1P1052S9223","43HS303","https://drive.google.com/file/d/19A4Zl8xfKk82hDRl_VqWG2zB7JJUTlKd/view","_43HS303_RFC.pdf","OK"
"T1P1052S9225","43HS304","https://drive.google.com/file/d/1HmUFrl3q_jPlWTsLM_XU-Z7nRBxuUhZi/view","_43HS304_RFC.pdf","OK"
"T1P1052S9220","43HS311","https://drive.google.com/file/d/1NuOAlTJ47No82OJBhkLfpydml-xlJhwu/view","_43HS311_RFC.pdf","OK"
"T1P1052S9222","43HS312","https://drive.google.com/file/d/1RwStwXw4dpND-94J3xgSjdlMdAh_xx0I/view","_43HS312_RFC.pdf","OK"
"T1P1052S9224","43HS313","https://drive.google.com/file/d/1IaE9LmlE0H6q7P46d_eXxp9FbqQMH5iL/view","_43HS313_RFC.pdf","OK"
"T1P1052S9359","43HS314","https://drive.google.com/file/d/1grtEkgKh2Mp93B4dtrotWUxHsoHdXtGl/view","_43HS314_RFC.pdf","OK"
"T1P1052S9194","43HS321","https://drive.google.com/file/d/1IHJ0D6qPoxAET_UikjUvU_6H2UwjWyJX/view","_43HS321_RFC.pdf","OK"
"T1P1052S9195","43HS322","https://drive.google.com/file/d/1L8obZa9EG4mlCwgal-et8pnyQqof38xw/view","_43HS322_RFC.pdf","OK"
"T1P1052S9189","43HS323","https://drive.google.com/file/d/1MJPIjfJa33gNAPTEjGCpS-txOfVlWYX2/view","_43HS323_RFC.pdf","OK"
"T1P1052S9191","43HS324","https://drive.google.com/file/d/1Sa1z_ZeAE2y5Ut8-lkoTvjaEIKRpMWHw/view","_43HS324_RFC.pdf","OK"
"T1P1052S9193","43HS331","https://drive.google.com/file/d/1rMvRS1tvNZmE33rjUOinxuQULg1Ea4JG/view","_43HS331_RFC.pdf","OK"
"T1P1052S9196","43HS332","https://drive.google.com/file/d/1Diiz-IaPx6esDn5Xrc8J2phNyrm6edO6/view","_43HS332_RFC.pdf","OK"
"T1P1052S9190","43HS333","https://drive.google.com/file/d/1hEP5CzrUrk_ibfdi_-HFzwqEUIicPkUR/view","_43HS333_RFC.pdf","OK"
"T1P1052S9192","43HS334","https://drive.google.com/file/d/1z8yAuWK78OcPbtQvcxFUvdq8eO0Fj_fc/view","_43HS334_RFC.pdf","OK"
"T1P1052S10645","43HS352","https://drive.google.com/file/d/1zowaFmiQpTA3OTdVpEVIouyC1ljoZZ1C/view","_43HS352_RFC.pdf","OK"
"T1P1052S9311","43LCV301","https://drive.google.com/file/d/1cHZoIuR5rZNIABscyEZ-C8-480a9QdmI/view","_43LCV301_RFC.pdf","OK"
"T1P1052S9312","43LCV302","https://drive.google.com/file/d/1sLYEorHQPi57h8T0kzR-4Wg6m3R9WAgn/view","_43LCV302_RFC.pdf","OK"
"T1P1052S9317","43LCV303","https://drive.google.com/file/d/15NOM--QmyPCycV7EjMCr1eptb5v2ytbU/view","_43LCV303_RFC.pdf","OK"
"T1P1052S9318","43LCV304","https://drive.google.com/file/d/1TW1ko80l2lgIv0G5TBS62upFrUAp6B3k/view","_43LCV304_RFC.pdf","OK"
"T1P1052S9313","43LCV312","https://drive.google.com/file/d/18sDOrv1GGM425k7PlGyPTFBKWPHRhq0I/view","_43LCV312_RFC.pdf","OK"
"T1P1052S9314","43LCV313","https://drive.google.com/file/d/1xcmr0vF6ORCkf44jXVFuDI4TfMVsm4Ve/view","_43LCV313_RFC.pdf","OK"
"T1P1052S9315","43LCV314","https://drive.google.com/file/d/1Q5gLRXaiMp4-2wjbMzF0CXvesRJdHgXm/view","_43LCV314_RFC.pdf","OK"
"T1P1052S9337","43LCV330","https://drive.google.com/file/d/1yKwwbK6E6ijFFJljA4LX4kNWlnTF_KWR/view","_43LCV330_RFC.pdf","OK"
"T1P1052S9336","43LCV332","https://drive.google.com/file/d/1FBRI7XwLgyB0y3czBlsG8V0QVSPVzImC/view","_43LCV332_RFC.pdf","OK"
"T1P1052S9316","43LCV334","https://drive.google.com/file/d/12WK6g1h2JghBej5Up9WAvzFSO9noBE1M/view","_43LCV334_RFC.pdf","OK"
"T1P1052S9301","43P0331-01","https://drive.google.com/file/d/1YDqotIgEsumMm2M7RjFelGxJZzNYNDOf/view","_43P0331-01_RFC.pdf","OK"
"T1P1052S9302","43P0332-01","https://drive.google.com/file/d/1DibdnX_GmnsRWVAIzSQUMc_YMHKtBIlr/view","_43P0332-01_RFC.pdf","OK"
"T1P1052S9217","43PCV345","https://drive.google.com/file/d/1O53_d-40Mth9YeBZNaqhQ8oeyETotpHG/view","_43PCV345_RFC.pdf","OK"
"T1P1052S9300","43PT301-01","https://drive.google.com/file/d/1hoMQIBwfPlD4C7oIeGAK6dIfBbr2KzTC/view","_43PT301-01_RFC.pdf","OK"
"T1P1052S9299","43PT303","https://drive.google.com/file/d/1XggT8tZQVJ5pIive1k--RWKifr7OAIjA/view","_43PT303_RFC.pdf","OK"
"T1P1052S9356","43PT379-01","https://drive.google.com/file/d/1U2e5_uB6FSCPKb7isk73f01LrbvoH9XN/view","_43PT379-01_RFC.pdf","OK"
"T1P1052S9338","43T380-01","https://drive.google.com/file/d/1pJ0firgseJbPge2zPy9SPQkLvzs5JT27/view","_43T380-01_RFC.pdf","OK"
"T1P1052S9360","43TCV336","https://drive.google.com/file/d/1XDfPTo9okYlAhv79ymroLWBHLMHTHdrU/view","_43TCV336_RFC.pdf","OK"
"T1P1052S9334","43XSV335-01","https://drive.google.com/file/d/1-HcmUfJDyTbX1cmZ-fgsKKgTS6z4dC_l/view","_43XSV335-01_RFC.pdf","OK"
"T1P1052S9335","43XSV336-01","https://drive.google.com/file/d/1AHgISV-GkKEi5cH6pAg5LuzCOPp1LxN4/view","_43XSV336-01_RFC.pdf","OK"
"T1P1052S9179","AB4301-01","https://drive.google.com/file/d/1WC8CBd-pdxERm_dIykOJJySZyqC6Ax0R/view","AB4301-01_RFC.pdf","OK"
"T1P1052S9276","AB4301-02","https://drive.google.com/file/d/1Q0CJ-ixnJ2myTbYQyTfntljAmDFDl25d/view","AB4301-02_RFC.pdf","OK"
"T1P1052S9352","AB4302-01","https://drive.google.com/file/d/1BgjuI8bi33oe67fGApcKtsWPyGt1CSyK/view","AB4302-01_RFC.pdf","OK"
"T1P1052S9353","AB4303-01","https://drive.google.com/file/d/1fE3hiHuSQ_yzqFk6jWl5eE11MywburBX/view","AB4303-01_RFC.pdf","OK"
"T1P1052S9354","AB4304-01","https://drive.google.com/file/d/1d9Ey_K0TSqFz4WezV3ACRhK142iEwTu2/view","AB4304-01_RFC.pdf","OK"
"T1P1052S9174","AC4332-01","https://drive.google.com/file/d/1281V88bnA9EP2UfAzAtT7HXOHOmexJn5/view","AC4332-01_RFC.pdf","OK"
"T1P1052S9175","AC4336-01","https://drive.google.com/file/d/1FJiA5TR2LLN6j7g62R-DJY1K7BfgEWoh/view","AC4336-01_RFC.pdf","OK"
"T1P1052S9176","AC4340-01","https://drive.google.com/file/d/1olLqyCd3waq-u2SNWHxivNpDaJzVSEvd/view","AC4340-01_RFC.pdf","OK"
"T1P1052S9177","AG4301-01","https://drive.google.com/file/d/1RIxgZqQ3__mU7kZrpXQei3ryEJxsu2Zj/view","AG4301-01_RFC.pdf","OK"
"T1P1052S9309","AG4301-02","https://drive.google.com/file/d/1V46KpMmKMSAVvF6aUcfNxqX0JyIwtrld/view","AG4301-02_RFC.pdf","OK"
"T1P1052S10651","AG4301-03","https://drive.google.com/file/d/1MLz1Wfdmb5sz_2Yru3K3P9M2spklEYK8/view","AG4301-03_RFC.pdf","OK"
"T1P1052S9319","AG4302-01","https://drive.google.com/file/d/1-2nn-6ds9HE88ai9u6Vj74xGks2hZMCv/view","AG4302-01_RFC.pdf","OK"
"T1P1052S9378","AG4302-02","https://drive.google.com/file/d/1WKXTSBYWHtNLcEpcfseragwjk48UuF8_/view","AG4302-02_RFC.pdf","OK"
"T1P1052S10650","AG4302-03","https://drive.google.com/file/d/1bVjeLAqd8I912uC7-OC6YIYEycXar1xT/view","AG4302-03_RFC.pdf","OK"
"T1P1052S9320","AG4303-01","https://drive.google.com/file/d/1cC1dOenQhTl-bu5n7Xwy6IfFLIJhhkcn/view","AG4303-01_RFC.pdf","OK"
"T1P1052S10647","AG4303-02","https://drive.google.com/file/d/1NBKlFtGsVQTGI_xM02aD6qRbn-m5DZij/view","AG4303-02_RFC.pdf","OK"
"T1P1052S9333","AG4304-01","https://drive.google.com/file/d/1bgVvk4As8-FpIra3TQ36MV8-2bVFd0go/view","AG4304-01_RFC.pdf","OK"
"T1P1052S9379","AG4304-02","https://drive.google.com/file/d/1HMvXLBpkf9vbrwrD7Vx1XWKfsgFWkC2v/view","AG4304-02_RFC.pdf","OK"
"T1P1052S9213","AH4301-01","https://drive.google.com/file/d/1BsPAjSoWpHmlr87uxvgszoffHAG4Ttq9/view","AH4301-01_RFC.pdf","OK"
"T1P1052S9321","AH4302-01","https://drive.google.com/file/d/1Bt11xB4NtugoRj3UDCUhL7pdKquvo1GY/view","AH4302-01_RFC.pdf","OK"
"T1P1052S9322","AH4303-01","https://drive.google.com/file/d/1A6Y6whxMRwuTzdfoqti9Fut0QSsFU4vq/view","AH4303-01_RFC.pdf","OK"
"T1P1052S9323","AH4304-01","https://drive.google.com/file/d/1aHIaKYcKWHq6en7lUIYxs7sGCpzNbEg9/view","AH4304-01_RFC.pdf","OK"
"T1P1052S9303","AH4310-01","https://drive.google.com/file/d/1XxsGtitapP9tlwK7zutj63do81oMVykq/view","AH4310-01_RFC.pdf","OK"
"T1P1052S9304","AH4313-01","https://drive.google.com/file/d/1UJB7YjCJ_URO7JytHsOX8-bCigKZAKPl/view","AH4313-01_RFC.pdf","OK"
"T1P1052S9390","AH4313-02","https://drive.google.com/file/d/1OZUz_7dV4d6Njni0P4bslDZO5PFr2_1m/view","AH4313-02_RFC.pdf","OK"
"T1P1052S9305","AH4314-01","https://drive.google.com/file/d/14fTotnb3CuObqkk-3Lvpz6slreR_K0dn/view","AH4314-01_RFC.pdf","OK"
"T1P1052S9306","AH4317-01","https://drive.google.com/file/d/1FgPluOJAzk_f7GRuAufNlchDhXb981q7/view","AH4317-01_RFC.pdf","OK"
"T1P1052S9307","AH4322-01","https://drive.google.com/file/d/1C7Jl6r03tpvwvdqkS9B0TAssyGLwk0zG/view","AH4322-01_RFC.pdf","OK"
"T1P1052S9383","AH4322-02","https://drive.google.com/file/d/11_92js8bXkVBuow7KGKAN9WQEUcR3NCR/view","AH4322-02_RFC.pdf","OK"
"T1P1051S10667","AM110A-01","https://drive.google.com/file/d/1SWYoLlvHEdF6unP7vusFX5A-mHUMtoZH/view","AM110A-01_RFC.pdf","OK"
"T1P1051S10643","AM110A-02","https://drive.google.com/file/d/1eN6ScYMY1-U7OtykZSETOXNG8AbSB24-/view","AM110A-02_RFC.pdf","OK"
"T1P1051S10668","AM110B-01","https://drive.google.com/file/d/1bbUD0_rgLITQQZFj-ig5gQgSvtrxdie5/view","AM110B-01_RFC.pdf","OK"
"T1P1051S10669","AM110C-01","https://drive.google.com/file/d/1kDY3ENuaCEnUD8poxdzPkaUz6gBhLEfp/view","AM110C-01_RFC.pdf","OK"
"T1P1051S9136","AM111-01","https://drive.google.com/file/d/1Kn7N33vdBxpx32MLPxilV4MA0CWHWyue/view","AM111-01_RFC.pdf","OK"
"T1P1051S9129","AM113-01","https://drive.google.com/file/d/1PP_2rKJFBQHtl4kXcWovXfuD29dSEbbt/view","AM113-01_RFC.pdf","OK"
"T1P1051S10486","AM113-02","https://drive.google.com/file/d/1kvzR6iNFEe9wwEmn29mkoeTYWbrtbOHO/view","AM113-02_RFC.pdf","OK"
"T1P1051S9133","AP3150-01","https://drive.google.com/file/d/1Kpl1KLBFsoLFiH3ZItNq_OBtFf37Ltjc/view","AP3150-01_RFC.pdf","OK"
"T1P1051S9172","AP3150-02","https://drive.google.com/file/d/1TUxSmOeIxMzRlFCvUJKjStrhT3m3mpGW/view","AP3150-02_RFC.pdf","OK"
"T1P1051S9154","AP3151-01","https://drive.google.com/file/d/1JuN_7JRXvcHUDJGBf6ccIKpoeXVnZ6cL/view","AP3151-01_RFC.pdf","OK"
"T1P1051S10484","AP3151-02","https://drive.google.com/file/d/1qSl0zwQpD9w1IZQM6-zsIqaWNs9Ubhk2/view","AP3151-02_RFC.pdf","OK"
"T1P1051S9156","AP3152-01","https://drive.google.com/file/d/1XMPexXRl0_zbWRSlHdm-P6wyoooV_ZXx/view","AP3152-01_RFC.pdf","OK"
"T1P1052S9361","AP4018E-01","https://drive.google.com/file/d/1X9CzQs0Axa1ilGuJAK8_jz46L5xpSgdm/view","AP4018E-01_RFC.pdf","OK"
"T1P1052S9362","AP4018F-01","https://drive.google.com/file/d/1gQLmUpwYL6_0JD1hmgkicTsyMPxbhVK8/view","AP4018F-01_RFC.pdf","OK"
"T1P1052S9226","AP4020-01","https://drive.google.com/file/d/1hIHzfvOQ4iPPBUidcBFiN6FIOcyjEFdz/view","AP4020-01_RFC.pdf","OK"
"T1P1052S9277","AP4301-01","https://drive.google.com/file/d/1P45srcHFuitYpMdOux9rwPUcaU76o6g7/view","AP4301-01_RFC.pdf","OK"
"T1P1052S9280","AP4302-01","https://drive.google.com/file/d/1182RKuJqdDy9lWrCoOC7ndUeUc0GzM8b/view","AP4302-01_RFC.pdf","OK"
"T1P1052S9279","AP4303-01","https://drive.google.com/file/d/1PoQlD_W4DBuhuzpQOtej_c8zaWy3AAu2/view","AP4303-01_RFC.pdf","OK"
"T1P1052S9278","AP4304-01","https://drive.google.com/file/d/1ZoLh1FjzSw18XihWvBfUuG7UzZgNLig4/view","AP4304-01_RFC.pdf","OK"
"T1P1052S9287","AP4328-01","https://drive.google.com/file/d/1NDYhN_ZVP2N2_F4nXxMUXkhu0TxC5JQY/view","AP4328-01_RFC.pdf","OK"
"T1P1052S9297","AP4336-01","https://drive.google.com/file/d/1tepYz0ozfKAF8-ABVuvmdHui6YuQtd05/view","AP4336-01_RFC.pdf","OK"
"T1P1051S9407","AR110A-01","https://drive.google.com/file/d/12nwChw3JORDgGRHtFMhxHgonLDPqFIPw/view","AR110A-01_RFC.pdf","OK"
"T1P1051S9408","AR110B-01","https://drive.google.com/file/d/17W-Ea8w4ORcm2yzlqxqC4yL2xheClXuT/view","AR110B-01_RFC.pdf","OK"
"T1P1051S9409","AR110C-01","https://drive.google.com/file/d/1YQpEhuCEdJ7Z132y82ywjOznpFNGbO-Z/view","AR110C-01_RFC.pdf","OK"
"T1P1051S9125","AS111-01","https://drive.google.com/file/d/1GtHqF0wADHnT_De0XCAZPkM98BM7NXPp/view","AS111-01_RFC.pdf","OK"
"T1P1051S9396","AS111-02","https://drive.google.com/file/d/1YnD7mI71K2nLOqjdb0cLTKQUQOGbZnbw/view","AS111-02_RFC.pdf","OK"
"T1P1051S9340","AS111-03","https://drive.google.com/file/d/1jrCUuaAuiQ-TNulnlkG5ywIED9q7UPfP/view","AS111-03_RFC.pdf","OK"
"T1P1051S9137","AS3150-01","https://drive.google.com/file/d/1LToE4xrKgq16tTG_87mKSZjuyyxPEUey/view","AS3150-01_RFC.pdf","OK"
"T1P1052S9288","AS4301-01","https://drive.google.com/file/d/1bcN4qkOTcSBpHgq97U2iSKg2ILW5EHJ7/view","AS4301-01_RFC.pdf","OK"
"T1P1052S9324","AS4302-01","https://drive.google.com/file/d/1s_0F9NbzFIYIT24gZSYLLXZYyE4xJZEl/view","AS4302-01_RFC.pdf","OK"
"T1P1052S9325","AS4303-01","https://drive.google.com/file/d/1nvV2LyS-6LmTsRKSDghw1VuSeoKyMDgS/view","AS4303-01_RFC.pdf","OK"
"T1P1052S9326","AS4304-01","https://drive.google.com/file/d/1KsnFfvtWI1cuVx2vHYcBDSEhJkb7wvIy/view","AS4304-01_RFC.pdf","OK"
"T1P1052S9294","AS4311-01","https://drive.google.com/file/d/1a0s0eyVMmgJ4i4PUEjPJ5lW-5YdLjnRK/view","AS4311-01_RFC.pdf","OK"
"T1P1052S9227","AS4312-01","https://drive.google.com/file/d/1N-hdycj6zhZgMsATgLtwYsKj0MkQ2gnp/view","AS4312-01_RFC.pdf","OK"
"T1P1052S9331","AS4313-01","https://drive.google.com/file/d/1VpktnS1yMOyPFQtS5wMGIaAmmOd5TUW8/view","AS4313-01_RFC.pdf","OK"
"T1P1052S9327","AS4314-01","https://drive.google.com/file/d/1Q7ZwMN6wvxNcSaC41AaDkhgDneo1w0Zr/view","AS4314-01_RFC.pdf","OK"
"T1P1052S9285","AS4339-01","https://drive.google.com/file/d/1dgT-gfHi3GMivY5veINOnoe1tzC4y_-D/view","AS4339-01_RFC.pdf","OK"
"T1P1052S9289","AS4345-01","https://drive.google.com/file/d/1lU6ijH0WPWBdmKDJYBIGDmwkW1A-J5Gp/view","AS4345-01_RFC.pdf","OK"
"T1P1051S9130","AT110-01","https://drive.google.com/file/d/1GbbfVPxY6NLntrisFCSZIFAM0Tm2h0UT/view","AT110-01_RFC.pdf","OK"
"T1P1051S10659","AT3152","https://drive.google.com/file/d/1Jc1sBsLmxOTDQbXqh0eabrtSVddgzRAR/view","AT3152_RFC.pdf","OK"
"T1P1051S9157","AT3152-01","https://drive.google.com/file/d/1DDXEz4CLIbVTuVQcKEM8-Q3abOleZ74y/view","AT3152-01_RFC.pdf","OK"
"T1P1052S9293","AT4020-01","https://drive.google.com/file/d/1rytF0mcCapO5gDK4nRH-mfo7O8IWdMiB/view","AT4020-01_RFC.pdf","OK"
"T1P1052S9292","AT4310-01","https://drive.google.com/file/d/17IytPdpvWotXCrmA3Zr_UvrkcZAROfxw/view","AT4310-01_RFC.pdf","OK"
"T1P1052S9290","AT4311-01","https://drive.google.com/file/d/1LrE370NourCs1AsGdHTlHJniqm1Oqdwv/view","AT4311-01_RFC.pdf","OK"
"T1P1052S9328","AT4312-01","https://drive.google.com/file/d/1B3IGTQJxd3u-K7OIrUfUiE-ZKac6yOjR/view","AT4312-01_RFC.pdf","OK"
"T1P1052S9329","AT4313-01","https://drive.google.com/file/d/1VFAmVFVDmmFGnuFa8tgk6vv-mOb_0RGn/view","AT4313-01_RFC.pdf","OK"
"T1P1052S9330","AT4314-01","https://drive.google.com/file/d/1pn_lFoFGc5ilgIbzPjNkRjF9JW6-IE65/view","AT4314-01_RFC.pdf","OK"
"T1P1052S9291","AT4330-01","https://drive.google.com/file/d/1vZzX4_bCmn6SkYj1wWbnLgP6ArGJbcy-/view","AT4330-01_RFC.pdf","OK"
"T1P1052S9391","AT4330-02","https://drive.google.com/file/d/1YGlavkLSp5aeWyWseN_Y2MJ_38grJNau/view","AT4330-02_RFC.pdf","OK"
"T1P1052S9298","AT4334-01","https://drive.google.com/file/d/1mf7n8Y0C1AG-eqVyNzdIe_-Wfk6-JiAF/view","AT4334-01_RFC.pdf","OK"
"T1P1052S9377","AT4334-02","https://drive.google.com/file/d/1KQJ9d25Uk52ptRJRolh2z7PFwo4hcudL/view","AT4334-02_RFC.pdf","OK"
"T1P1052S10652","CA4991-01","https://drive.google.com/file/d/1AyydQxK0RJq-LNnEDdzWr-_DNydBy6Fk/view","CA4991-01_RFC.pdf","OK"
"T1P1051S9342","EBR-01","https://drive.google.com/file/d/11oZYvtEsixT-6FA2zJQZt8s6DvN843mz/view","EBR-01_RFC.pdf","OK"
"T1P1052S9344","EJ1098-01","https://drive.google.com/file/d/1gjYh7URitMdr9LBU24Y2kxCK_YSRNPaG/view","EJ1098-01_RFC.pdf","OK"
"T1P1052S9345","EJ1099-01","https://drive.google.com/file/d/1b-IHX74eBfJRJAKhnGLqO211eHYc6r5j/view","EJ1099-01_RFC.pdf","OK"
"T1P1052S9346","EJ2053-01","https://drive.google.com/file/d/1b8q7Og8v0i8IATZXlExD3w4CYDNMUEe6/view","EJ2053-01_RFC.pdf","OK"
"T1P1052S9347","EJ2054-01","https://drive.google.com/file/d/1mZmrDI-0z9i3bbnzacwWAB8F0_rh9V1i/view","EJ2054-01_RFC.pdf","OK"
"T1P1052S9348","EJ3087-01","https://drive.google.com/file/d/1mwc-UcPQmzpMwuwmUF-uLj9jnI22bWvs/view","EJ3087-01_RFC.pdf","OK"
"T1P1052S9349","EJ3088-01","https://drive.google.com/file/d/12UCWWk_QO_P02nWpWsa9gx4kt6_j_4X3/view","EJ3088-01_RFC.pdf","OK"
"T1P1052S9350","EJ4069-01","https://drive.google.com/file/d/1Ng11yK2GSHU7mUpcw9jOMD6gXeptf019/view","EJ4069-01_RFC.pdf","OK"
"T1P1052S9351","EJ4070-01","https://drive.google.com/file/d/1WElB7Qsxr_xQ_jd0Aqzh6t5fmeDDvI9J/view","EJ4070-01_RFC.pdf","OK"
"T1P1051S9146","F110-01","https://drive.google.com/file/d/1SWL9rSMZyR3VpEzg1cHK9JPEVYjxh5tf/view","F110-01_RFC.pdf","OK"
"T1P1051S9126","F112-01","https://drive.google.com/file/d/1J_g48rtVQbSt_Wbr-mhyZ7zyXnDuIkic/view","F112-01_RFC.pdf","OK"
"T1P1051S9147","F112-02","https://drive.google.com/file/d/1sJQ4VFB5DocWsVmyF_l2asuLigORLR6d/view","F112-02_RFC.pdf","OK"
"T1P1051S9128","F114-01","https://drive.google.com/file/d/1YeE0UDMaq123JdCEnPQcEntjPrLgLIFg/view","F114-01_RFC.pdf","OK"
"T1P1051S9171","F116-01","https://drive.google.com/file/d/1pTbsMdl6wZi--1M6iaZfoz0wYKVSPOXx/view","F116-01_RFC.pdf","OK"
"T1P1051S9127","F117-01","https://drive.google.com/file/d/1Sl-Pi_0FFkRee4JZubzpMm5toJIF-1VW/view","F117-01_RFC.pdf","OK"
"T1P1051S9148","F117-02","https://drive.google.com/file/d/1h6fOoGU0DmI47y5yjQYnI1lIsXgaOJpE/view","F117-02_RFC.pdf","OK"
"T1P1051S9143","FCV110-01","https://drive.google.com/file/d/1tt5uuMdwFhneXhR6WTrIFQNEBiNxrWg4/view","FCV110-01_RFC.pdf","OK"
"T1P1051S10657","FCV112-1","https://drive.google.com/file/d/16VSym5adZjiw1mW_iOGdlhSlllEDv6oi/view","FCV112-1_RFC.pdf","OK"
"T1P1051S10658","FCV112-2","https://drive.google.com/file/d/1ZcpXgSBBJekGU4KOA9rHoGJsAxPXogE_/view","FCV112-2_RFC.pdf","OK"
"T1P1051S9145","FCV114-01","https://drive.google.com/file/d/1KbIawMvIVvmmwwOP2BzENqy3GliRcwO2/view","FCV114-01_RFC.pdf","OK"
"T1P1051S9150","FCV115-01","https://drive.google.com/file/d/16zuPklbw3XF6M6UhU4AOwo9san3ya0wu/view","FCV115-01_RFC.pdf","OK"
"T1P1051S9141","FCV117-01-01","https://drive.google.com/file/d/1w0Ckb9EMNoPKkRrigeJSoI35619Rm-U7/view","FCV117-01-01_RFC.pdf","OK"
"T1P1051S9144","FCV117-02-01","https://drive.google.com/file/d/18wmtYj4iqtnZFFB1BwbRw6LfPhM8UxxI/view","FCV117-02-01_RFC.pdf","OK"
"T1P1051S10642","FCV118-01","https://drive.google.com/file/d/10vQ6y39zSulrbykRzB0R-YhfmLMgD11_/view","FCV118-01_RFC.pdf","OK"
"T1P1051S9151","FCV151-01","https://drive.google.com/file/d/1Y7b_jAZYLKqhUmTbGdMUalx09TAjNVnA/view","FCV151-01_RFC.pdf","OK"
"T1P1052S9249","HK11-01","https://drive.google.com/file/d/1Pwea28pbVyf3adJMRs5F7rR85g9gnAT3/view","HK11-01_RFC.pdf","OK"
"T1P1052S9386","HK11-02","https://drive.google.com/file/d/1xQfDDMh8vRlGTw0xc5TEf_E97YUo3i1p/view","HK11-02_RFC.pdf","OK"
"T1P1052S10482","HK11-03","https://drive.google.com/file/d/1sQzzZiv90SDsfPsOrBZFWTke7kuD_4gP/view","HK11-03_RFC.pdf","OK"
"T1P1052S10481","HK11-04","https://drive.google.com/file/d/1DNyfkdnk3q75P-7N4LSsfYC1nwNLQ2kM/view","HK11-04_RFC.pdf","OK"
"T1P1051S10466","HK5","https://drive.google.com/file/d/1EfPkreCR93GweUHa43f4qVXDnm1UHhZ5/view","HK5_RFC.pdf","OK"
"T1P1052S9246","HL11-01","https://drive.google.com/file/d/1x37VPsj8HQ_UQsilsJMt-qu5ITeIB3D-/view","HL11-01_RFC.pdf","OK"
"T1P1052S9247","K11A-01","https://drive.google.com/file/d/1iLw7WJ2PCfzzCcMNLkviOk9nGt5MGGy8/view","K11A-01_RFC.pdf","OK"
"T1P1052S9241","K11A-02","https://drive.google.com/file/d/1aQZkCpMYcpuNQSJ6Do-TDB4iGe5qWGWI/view","K11A-02_RFC.pdf","OK"
"T1P1052S9248","K11B-01","https://drive.google.com/file/d/1hPtnUU-2QEBdnOyFZeysR0v1mnZKdqrs/view","K11B-01_RFC.pdf","OK"
"T1P1052S9242","K11B-02","https://drive.google.com/file/d/1fmkFLXalyEIE_MsI8wqYoQgnPtkdFw6a/view","K11B-02_RFC.pdf","OK"
"T1P1052S9243","K11C-01","https://drive.google.com/file/d/1cXwJuoWTcVs_UbFxSCn4lBc24UchCpz9/view","K11C-01_RFC.pdf","OK"
"T1P1052S9244","K11D-01","https://drive.google.com/file/d/1ZFePp5KxeyPbh4FBfl5QndZXEjkFGe-o/view","K11D-01_RFC.pdf","OK"
"T1P1052S9387","K18A-01","https://drive.google.com/file/d/1cfoedUJsXLy0QmzQcFlp6cz-ZTjp5oia/view","K18A-01_RFC.pdf","OK"
"T1P1052S9245","K18A-02","https://drive.google.com/file/d/1bviHmbmHpyNRW6Yex_PsqdQ-0RSoI-cO/view","K18A-02_RFC.pdf","OK"
"T1P1051S10465","K5A-01","https://drive.google.com/file/d/1yCdvcDlbMOdKnUqMqOeS2bFAF5iRahaq/view","K5A-01_RFC.pdf","OK"
"T1P1051S10477","K5A-02","https://drive.google.com/file/d/1RnrvVxb95K5W0t0ZPXceV6b0a7VoWYXh/view","K5A-02_RFC.pdf","OK"
"T1P1051S10726","K5A-03","https://drive.google.com/file/d/1fipCE07YxmWWTOb_tKLY_8aXOEuXGEae/view","K5A-03_RFC.pdf","OK"
"T1P1051S10467","K5A1","https://drive.google.com/file/d/1Ny5jjdX3UzJmCPwQffpw2iPtTgWAWBkN/view","K5A1_RFC.pdf","OK"
"T1P1051S10476","K5A2A-01","https://drive.google.com/file/d/1xnhIr7Yn-4H90hlEZmZJ49YSYT1dtfcM/view","K5A2A-01_RFC.pdf","OK"
"T1P1051S10469","K5A2A-03","https://drive.google.com/file/d/1YnKgc2hPrUyde1Qainy6DGBhAhknXI9O/view","K5A2A-03_RFC.pdf","OK"
"T1P1051S10640","K5A2B","https://drive.google.com/file/d/1eh7kcn5k2kquRAAPAIxC0DrsMWraGQC5/view","K5A2B_RFC.pdf","OK"
"T1P1051S10475","K5A2C","https://drive.google.com/file/d/1oosDPGQvaKsBBXfx2BBJ8D0ZpDNOTchq/view","K5A2C_RFC.pdf","OK"
"T1P1051S10470","K5K","https://drive.google.com/file/d/1ahSA2MfFPxNEryL4pUAVxAd3nhjbePzt/view","K5K_RFC.pdf","OK"
"T1P1051S10471","K5L","https://drive.google.com/file/d/1fo0J75XvKDoglhfR4xE71mXdXskjJqDL/view","K5L_RFC.pdf","OK"
"T1P1051S10472","K5M","https://drive.google.com/file/d/1KYhTCdKsIDBXsbuLjI0-ycz_4Mw0eoDu/view","K5M_RFC.pdf","OK"
"T1P1051S10473","K5P","https://drive.google.com/file/d/1-gT_DrxyqLut7ionz_FvsDESRH_geyzw/view","K5P_RFC.pdf","OK"
"T1P1051S10474","K5P2","https://drive.google.com/file/d/1DHTpCTft2mIJf8wyA_csi_fU83c6Wc3A/view","K5P2_RFC.pdf","OK"
"T1P1051S9159","L38106-01","https://drive.google.com/file/d/1cfrfWTNgKoKyc--JihuIRGXPiweSb1jO/view","L38106-01_RFC.pdf","OK"
"T1P1051S9160","L38108-01","https://drive.google.com/file/d/12iP7tFqn5IcqMHPsMjd4Z9T_tSsAEPV9/view","L38108-01_RFC.pdf","OK"
"T1P1051S9161","L38201-01","https://drive.google.com/file/d/15uIi24SZzKTqEFywYhc7bKs2UQGhHJy4/view","L38201-01_RFC.pdf","OK"
"T1P1051S9162","L38202-01","https://drive.google.com/file/d/1ODaRytazJTsKhHVLJmaLu6oxO19RuLCd/view","L38202-01_RFC.pdf","OK"
"T1P1051S9163","L38203-01","https://drive.google.com/file/d/1xnrAPs6yPCU55FzT1o2Ewbatp4eQfPQV/view","L38203-01_RFC.pdf","OK"
"T1P1051S9375","L38204-01","https://drive.google.com/file/d/19pJrjwTCr7kmM-UvYTenRu4kQ8NFtxMU/view","L38204-01_RFC.pdf","OK"
"T1P1051S9394","L38204-02","https://drive.google.com/file/d/1Tj9Mei46B9vWWn7GKiQiX6fwIm07Fkk1/view","L38204-02_RFC.pdf","OK"
"T1P1051S9374","L38210-01","https://drive.google.com/file/d/1EF2bkfGW2qeyXmgashLP8oV4EifE1jly/view","L38210-01_RFC.pdf","OK"
"T1P1051S9164","L38211-01","https://drive.google.com/file/d/1Upbi34tGCq48TUBlxekgmck1p96L9Ldx/view","L38211-01_RFC.pdf","OK"
"T1P1052S9274","L43001-01","https://drive.google.com/file/d/1YltQoYb1c-UGhYtKXBdEezT5e9Z2w4VV/view","L43001-01_RFC.pdf","OK"
"T1P1052S9271","L43003-01","https://drive.google.com/file/d/19vxDASoka2lyvf9BU-ZVmRTgwHwtQ_vW/view","L43003-01_RFC.pdf","OK"
"T1P1052S9380","L43003-02","https://drive.google.com/file/d/1Q3e1Rtvs_KKBh-Mobc2WliFm1Qi-b_Id/view","L43003-02_RFC.pdf","OK"
"T1P1052S10644","L43004-01","https://drive.google.com/file/d/1b53mv-QEcNdg5LeNvpQHKpVehoRZTf7j/view","L43004-01_RFC.pdf","OK"
"T1P1052S10661","L43006-01","https://drive.google.com/file/d/1OPW9r2cMiaPXreM65VVvU5oUNB6KqQm7/view","L43006-01_RFC.pdf","OK"
"T1P1052S10663","L43022-01","https://drive.google.com/file/d/1Y_MRMIMcFKOL5yIGyALLuOvAmzmBK3iO/view","L43022-01_RFC.pdf","OK"
"T1P1052S10664","L43023-01","https://drive.google.com/file/d/1owB-2L6w9--jDeYzx4XrshRl4gNbM3jm/view","L43023-01_RFC.pdf","OK"
"T1P1052S10662","L43045-01","https://drive.google.com/file/d/1iw336LznJOuqjWLHnUzQHMunfBc6R9Pt/view","L43045-01_RFC.pdf","OK"
"T1P1052S10649","L43082-01","https://drive.google.com/file/d/13sZZjWczWm37GI9AyJQd25Z7kGynBZmj/view","L43082-01_RFC.pdf","OK"
"T1P1052S9272","L43118-01","https://drive.google.com/file/d/1eNX820jpM2ajfJV-I1_vhHBkwipq_80H/view","L43118-01_RFC.pdf","OK"
"T1P1052S9382","L43118-02","https://drive.google.com/file/d/10JHFU3MpAzrEIFuEaaC8QvV-W0II5k2A/view","L43118-02_RFC.pdf","OK"
"T1P1052S9273","L43138-01","https://drive.google.com/file/d/1AF7u53h8KxdRsDB7RenyRNP1jP_jI09Z/view","L43138-01_RFC.pdf","OK"
"T1P1052S9381","L43138-02","https://drive.google.com/file/d/1698__KZp2MTUXhg6BKr_g-PLcevjG6nL/view","L43138-02_RFC.pdf","OK"
"T1P1052S10646","L43143-01","https://drive.google.com/file/d/1zcV7Q5WXvtvhUjwgmBXtnDWk4TZDeOwE/view","L43143-01_RFC.pdf","OK"
"T1P1052S10648","L43144-01","https://drive.google.com/file/d/18xii8YeIITawx1sEo0J18ZCzDaAVMA4X/view","L43144-01_RFC.pdf","OK"
"T1P1052S10660","L43146-01","https://drive.google.com/file/d/1YEVUwlJJbnQj__A8wLaZKbx-iXQInwTZ/view","L43146-01_RFC.pdf","OK"
"T1P1052S9269","L43161-01","https://drive.google.com/file/d/169iDGUT67wubZOtD0or77IfUslWVjwoQ/view","L43161-01_RFC.pdf","OK"
"T1P1052S9385","L43161-02","https://drive.google.com/file/d/1su7nQ5CfSaUKfisofC2GCNxEbAGJWFD5/view","L43161-02_RFC.pdf","OK"
"T1P1052S9369","L43162-01","https://drive.google.com/file/d/1Lec5IMOF3Lt6GJRlC_HMf9Em3xUh52i6/view","L43162-01_RFC.pdf","OK"
"T1P1052S10676","L43234-01","https://drive.google.com/file/d/15tfFB1V890gqJLVSvVtBC7b002_vFxao/view","L43234-01_RFC.pdf","OK"
"T1P1052S9260","L43255-01","https://drive.google.com/file/d/1E3Spd-GRyhFOIki60S1O53GSKk9IbC3Y/view","L43255-01_RFC.pdf","OK"
"T1P1052S9266","L43256-01","https://drive.google.com/file/d/1FpWmL6bepWwGBxR2FUL1ADhn-EvB6HEU/view","L43256-01_RFC.pdf","OK"
"T1P1052S9261","L43257-01","https://drive.google.com/file/d/1uMlJcI6yJPlY7hxoVzYaJ1oknFHDNCpr/view","L43257-01_RFC.pdf","OK"
"T1P1052S9267","L43258-01","https://drive.google.com/file/d/1yPri5EoP0F25Ka3q_d-UFPfNgEoNicTF/view","L43258-01_RFC.pdf","OK"
"T1P1052S9265","L43259-01","https://drive.google.com/file/d/1jWsX-u9J7TbrKxD6vMrjQ3eby8442xEc/view","L43259-01_RFC.pdf","OK"
"T1P1052S9268","L43260-01","https://drive.google.com/file/d/16pzhQBGXa2f9lS76mKf3CT4SWSzLc2jl/view","L43260-01_RFC.pdf","OK"
"T1P1052S9262","L43261-01","https://drive.google.com/file/d/1gkAEI1XSZqm4VkvxWC9mWrt3aeijcdO_/view","L43261-01_RFC.pdf","OK"
"T1P1052S9263","L43262-01","https://drive.google.com/file/d/1v2BWgQWknDPgC0ItIivftHGHi2kpJPol/view","L43262-01_RFC.pdf","OK"
"T1P1052S10483","L43266-01","https://drive.google.com/file/d/1OQWwPwXqEzjq3_DKKfQSRY5Szyhan8ZR/view","L43266-01_RFC.pdf","OK"
"T1P1051S9131","S110-01","https://drive.google.com/file/d/1tQKG7tVlvcr14AkWq2ifVwsTkXDl5H5R/view","S110-01_RFC.pdf","OK"
"T1P1051S9138","SV101-01","https://drive.google.com/file/d/1p359PpLOjbZy7AOQw9CjK6BxEQjv3ztG/view","SV101-01_RFC.pdf","OK"
"T1P1051S9139","SV102-01","https://drive.google.com/file/d/1MGFxMx-0-pqunDLbHx5sjU1xnbIbX4qQ/view","SV102-01_RFC.pdf","OK"
"T1P1051S10641","SV3150-01","https://drive.google.com/file/d/1qMiHmJLphy01LPLLdBEhrpUhYlLM6Q6N/view","SV3150-01_RFC.pdf","OK"
"T1P1052S9228","SV4302-01","https://drive.google.com/file/d/1PSG88uQNz1g-CMUsu2k6suQdQ0y9yvo9/view","SV4302-01_RFC.pdf","OK"
"T1P1052S9229","SV4303-01","https://drive.google.com/file/d/12bFO2TGOhhiBpOjzc02ApA35hsDhQRM7/view","SV4303-01_RFC.pdf","OK"
"T1P1052S9230","SV4304-01","https://drive.google.com/file/d/1vzDXh_U_7ibiLYzZI35zS96EUhE6lcrB/view","SV4304-01_RFC.pdf","OK"
"T1P1052S9231","SV4305-01","https://drive.google.com/file/d/1AcKR5Q8xFoAR07eYJLd13qpK5qFgaMCK/view","SV4305-01_RFC.pdf","OK"
"T1P1052S9239","SV4309-01","https://drive.google.com/file/d/1sJ103QShckKenGXhY7HKhIl7y6SLGWrd/view","SV4309-01_RFC.pdf","OK"
"T1P1052S9232","SV4310-01","https://drive.google.com/file/d/1MeHziCb-ZCzxir5KvNccpEOzt4PqM3b0/view","SV4310-01_RFC.pdf","OK"
"T1P1052S9233","SV4311-01","https://drive.google.com/file/d/1vn0QRoFwMid__AlZDxk5RNvDAumeL4Bm/view","SV4311-01_RFC.pdf","OK"
"T1P1052S9234","SV4312-01","https://drive.google.com/file/d/1hL2DxueU0fO7DGBkazGZGJktNCKGQfAb/view","SV4312-01_RFC.pdf","OK"
"T1P1052S9235","SV4313-01","https://drive.google.com/file/d/1fabVC6Oc3-gEG3fqpVJ2pHE0KDJi7Gs1/view","SV4313-01_RFC.pdf","OK"
"T1P1052S9236","SV4314-01","https://drive.google.com/file/d/1pCTXv-HNRU2uAc2Hlh8qE-KoCimsya6l/view","SV4314-01_RFC.pdf","OK"
"T1P1052S9237","SV4315-01","https://drive.google.com/file/d/1H8vjqoo0Fb_wCiNSBiDFvQtfQENQ0uaJ/view","SV4315-01_RFC.pdf","OK"
"T1P1052S9238","SV4316-01","https://drive.google.com/file/d/185tlysZHY1aYaimI6kT1ToXyTzXiIUN0/view","SV4316-01_RFC.pdf","OK"
"","TRAFO 02","https://drive.google.com/file/d/1IW_cFpR525TifjBTccS8DH8Fh31AOKOO/view","Trafo 02_28_RFC.pdf","GEEN_QR"
"T1P1052S10670","TRAFO 71-115","https://drive.google.com/file/d/1VcqyiTS9cBSV62dlqtZLQX0ag1x5erzk/view","Trafo 71-115_RFC.pdf","OK"
"T1P1052S10671","TRAFO 71-116","https://drive.google.com/file/d/1f27ENHIXNqeKJCwYv5QIxyZijlS2CBA6/view","Trafo 71-116_RFC.pdf","OK"
"T1P1052S10672","TRAFO 71-117","https://drive.google.com/file/d/1qk5X6hP04QpMBbhXGuFU_BlQ4sjxuZtu/view","Trafo 71-117_RFC.pdf","OK"
"T1P1052S10673","TRAFO 71-118","https://drive.google.com/file/d/1wL__ExFHY75baet2vJbqSwhqOUYo9BLu/view","Trafo 71-118_RFC.pdf","OK"